Workbook

Sheet PORTADA
A2: CALCULAFÁCIL
A3: Control de tu curso
A4: 2026 / 2027
A5: NOTAS · ASISTENCIA · RESUMEN DE TU CURSO
A7: EMPIEZA AQUÍ EN 4 PASOS
A8: PASO 1 | D8: Escribe tus asignaturas en ASISTENCIA y las clases previstas de cada una.
A9: PASO 2 | D9: Registra cada día falta injustificada, justificada o retraso con una X.
A10: PASO 3 | D10: Añade notas y pesos en NOTAS (elige tus asignaturas del desplegable).
A11: PASO 4 | D11: Mira tu resumen, objetivo y evolución en MI CURSO (todo se rellena solo).
A13: Todo se calcula solo · Sin fórmulas · Listo para el curso 2026/2027
A15: Creado con CalculaFácil · calculafacil.app

Sheet INSTRUCCIONES
A1: BIENVENIDO/A A TU CONTROL 2026/2027
A2: CalculaFácil · tu cuaderno digital de curso
A4: PARA QUÉ SIRVE ESTE ARCHIVO
A5: Este libro es un cuaderno digital para estudiantes que no quieren jugarse la evaluación continua a la lotería. Tienes 5 pestañas (abajo): PORTADA, INSTRUCCIONES (esta), ASISTENCIA, NOTAS y MI CURSO. Todo se calcula solo.
A6: Regla clave: en muchos centros, perder la EVALUACIÓN CONTINUA depende de tu porcentaje de FALTAS INJUSTIFICADAS sobre las clases. Introduce el porcentaje mínimo que te indique tu centro. Esta plantilla es orientativa y no sustituye la normativa oficial ni la información de tu profesor o secretaría.
A8: 🚀 EMPIEZA AQUÍ (en 4 pasos)
A9: 1. Ve a ASISTENCIA → escribe tus asignaturas en la tabla 'ASISTENCIA POR ASIGNATURA' (primera columna) y las CLASES PREVISTAS de cada una. Revisa en CONFIGURACIÓN GLOBAL el MÍNIMO DE ASISTENCIA PERMITIDO.
A10: 2. Registra cada día tus faltas injustificadas, justificadas o retrasos con una X en el registro de arriba.
A11: 3. Ve a NOTAS → elige tus asignaturas con el desplegable de la columna ASIGNATURA y escribe tus notas y pesos (%).
A12: 4. Mira MI CURSO → tu resumen: media simple, objetivo, asistencia y cómo vas por asignatura. Todo se actualiza solo.
A14: HOJA ASISTENCIA · CÓMO USARLA EN 5 PASOS
A15: 1. En la tabla 'ASISTENCIA POR ASIGNATURA' escribe cada asignatura y su número de clases previstas. El MÍNIMO DE ASISTENCIA PERMITIDO se pone una sola vez en CONFIGURACIÓN GLOBAL (por defecto 80).
... A52: Creado con CalculaFácil · ¿Dudas? Escribe cualquier pregunta en la web y te contestamos. ¡A por un curso tranquilo!

Sheet ASISTENCIA
B1: CONTROL DE ASISTENCIA 2026/2027
B2: Registra cada día con una X · Cada asignatura se resume abajo, sola
B4: Fecha | C4: Asignatura | D4: Falta injustificada | E4: Falta justificada | F4: Retraso | G4: Observaciones
B57: ASISTENCIA POR ASIGNATURA · se calcula solo
B58: ASIGNATURA | C58: CLASES PREVISTAS | D58: FALTAS | E58: JUSTIFICADAS | F58: RETRASOS | G58: ASISTENCIA | H58: LÍMITE | I58: ESTADO
D59: =IF($B59="","",COUNTIFS($C$5:$C$54,$B59,$D$5:$D$54,"X")) | E59: =IF($B59="","",COUNTIFS($C$5:$C$54,$B59,$E$5:$E$54,"X")) | F59: =IF($B59="","",COUNTIFS($C$5:$C$54,$B59,$F$5:$F$54,"X")) | G59: =IF(OR($C59="",$C59<=0),"",ROUND(MAX(0,$C59-$D59-$F59*$C$83)/$C59*100,1)) | H59: =IF($C59="","",$C$82) | I59: =IF($G59="","",IF($G59>=$H59+1,"A SALVO",IF($G59>=$H59,"ATENCIÓN","PELIGRO")))
D60: =IF($B60="","",COUNTIFS($C$5:$C$54,$B60,$D$5:$D$54,"X")) | E60: =IF($B60="","",COUNTIFS($C$5:$C$54,$B60,$E$5:$E$54,"X")) | F60: =IF($B60="","",COUNTIFS($C$5:$C$54,$B60,$F$5:$F$54,"X")) | G60: =IF(OR($C60="",$C60<=0),"",ROUND(MAX(0,$C60-$D60-$F60*$C$83)/$C60*100,1)) | H60: =IF($C60="","",$C$82) | I60: =IF($G60="","",IF($G60>=$H60+1,"A SALVO",IF($G60>=$H60,"ATENCIÓN","PELIGRO")))
D61: =IF($B61="","",COUNTIFS($C$5:$C$54,$B61,$D$5:$D$54,"X")) | E61: =IF($B61="","",COUNTIFS($C$5:$C$54,$B61,$E$5:$E$54,"X")) | F61: =IF($B61="","",COUNTIFS($C$5:$C$54,$B61,$F$5:$F$54,"X")) | G61: =IF(OR($C61="",$C61<=0),"",ROUND(MAX(0,$C61-$D61-$F61*$C$83)/$C61*100,1)) | H61: =IF($C61="","",$C$82) | I61: =IF($G61="","",IF($G61>=$H61+1,"A SALVO",IF($G61>=$H61,"ATENCIÓN","PELIGRO")))
D62: =IF($B62="","",COUNTIFS($C$5:$C$54,$B62,$D$5:$D$54,"X")) | E62: =IF($B62="","",COUNTIFS($C$5:$C$54,$B62,$E$5:$E$54,"X")) | F62: =IF($B62="","",COUNTIFS($C$5:$C$54,$B62,$F$5:$F$54,"X")) | G62: =IF(OR($C62="",$C62<=0),"",ROUND(MAX(0,$C62-$D62-$F62*$C$83)/$C62*100,1)) | H62: =IF($C62="","",$C$82) | I62: =IF($G62="","",IF($G62>=$H62+1,"A SALVO",IF($G62>=$H62,"ATENCIÓN","PELIGRO")))
D63: =IF($B63="","",COUNTIFS($C$5:$C$54,$B63,$D$5:$D$54,"X")) | E63: =IF($B63="","",COUNTIFS($C$5:$C$54,$B63,$E$5:$E$54,"X")) | F63: =IF($B63="","",COUNTIFS($C$5:$C$54,$B63,$F$5:$F$54,"X")) | G63: =IF(OR($C63="",$C63<=0),"",ROUND(MAX(0,$C63-$D63-$F63*$C$83)/$C63*100,1)) | H63: =IF($C63="","",$C$82) | I63: =IF($G63="","",IF($G63>=$H63+1,"A SALVO",IF($G63>=$H63,"ATENCIÓN","PELIGRO")))
D64: =IF($B64="","",COUNTIFS($C$5:$C$54,$B64,$D$5:$D$54,"X")) | E64: =IF($B64="","",COUNTIFS($C$5:$C$54,$B64,$E$5:$E$54,"X")) | F64: =IF($B64="","",COUNTIFS($C$5:$C$54,$B64,$F$5:$F$54,"X")) | G64: =IF(OR($C64="",$C64<=0),"",ROUND(MAX(0,$C64-$D64-$F64*$C$83)/$C64*100,1)) | H64: =IF($C64="","",$C$82) | I64: =IF($G64="","",IF($G64>=$H64+1,"A SALVO",IF($G64>=$H64,"ATENCIÓN","PELIGRO")))
D65: =IF($B65="","",COUNTIFS($C$5:$C$54,$B65,$D$5:$D$54,"X")) | E65: =IF($B65="","",COUNTIFS($C$5:$C$54,$B65,$E$5:$E$54,"X")) | F65: =IF($B65="","",COUNTIFS($C$5:$C$54,$B65,$F$5:$F$54,"X")) | G65: =IF(OR($C65="",$C65<=0),"",ROUND(MAX(0,$C65-$D65-$F65*$C$83)/$C65*100,1)) | H65: =IF($C65="","",$C$82) | I65: =IF($G65="","",IF($G65>=$H65+1,"A SALVO",IF($G65>=$H65,"ATENCIÓN","PELIGRO")))
D66: =IF($B66="","",COUNTIFS($C$5:$C$54,$B66,$D$5:$D$54,"X")) | E66: =IF($B66="","",COUNTIFS($C$5:$C$54,$B66,$E$5:$E$54,"X")) | F66: =IF($B66="","",COUNTIFS($C$5:$C$54,$B66,$F$5:$F$54,"X")) | G66: =IF(OR($C66="",$C66<=0),"",ROUND(MAX(0,$C66-$D66-$F66*$C$83)/$C66*100,1)) | H66: =IF($C66="","",$C$82) | I66: =IF($G66="","",IF($G66>=$H66+1,"A SALVO",IF($G66>=$H66,"ATENCIÓN","PELIGRO")))
D67: =IF($B67="","",COUNTIFS($C$5:$C$54,$B67,$D$5:$D$54,"X")) | E67: =IF($B67="","",COUNTIFS($C$5:$C$54,$B67,$E$5:$E$54,"X")) | F67: =IF($B67="","",COUNTIFS($C$5:$C$54,$B67,$F$5:$F$54,"X")) | G67: =IF(OR($C67="",$C67<=0),"",ROUND(MAX(0,$C67-$D67-$F67*$C$83)/$C67*100,1)) | H67: =IF($C67="","",$C$82) | I67: =IF($G67="","",IF($G67>=$H67+1,"A SALVO",IF($G67>=$H67,"ATENCIÓN","PELIGRO")))
D68: =IF($B68="","",COUNTIFS($C$5:$C$54,$B68,$D$5:$D$54,"X")) | E68: =IF($B68="","",COUNTIFS($C$5:$C$54,$B68,$E$5:$E$54,"X")) | F68: =IF($B68="","",COUNTIFS($C$5:$C$54,$B68,$F$5:$F$54,"X")) | G68: =IF(OR($C68="",$C68<=0),"",ROUND(MAX(0,$C68-$D68-$F68*$C$83)/$C68*100,1)) | H68: =IF($C68="","",$C$82) | I68: =IF($G68="","",IF($G68>=$H68+1,"A SALVO",IF($G68>=$H68,"ATENCIÓN","PELIGRO")))
D69: =IF($B69="","",COUNTIFS($C$5:$C$54,$B69,$D$5:$D$54,"X")) | E69: =IF($B69="","",COUNTIFS($C$5:$C$54,$B69,$E$5:$E$54,"X")) | F69: =IF($B69="","",COUNTIFS($C$5:$C$54,$B69,$F$5:$F$54,"X")) | G69: =IF(OR($C69="",$C69<=0),"",ROUND(MAX(0,$C69-$D69-$F69*$C$83)/$C69*100,1)) | H69: =IF($C69="","",$C$82) | I69: =IF($G69="","",IF($G69>=$H69+1,"A SALVO",IF($G69>=$H69,"ATENCIÓN","PELIGRO")))
D70: =IF($B70="","",COUNTIFS($C$5:$C$54,$B70,$D$5:$D$54,"X")) | E70: =IF($B70="","",COUNTIFS($C$5:$C$54,$B70,$E$5:$E$54,"X")) | F70: =IF($B70="","",COUNTIFS($C$5:$C$54,$B70,$F$5:$F$54,"X")) | G70: =IF(OR($C70="",$C70<=0),"",ROUND(MAX(0,$C70-$D70-$F70*$C$83)/$C70*100,1)) | H70: =IF($C70="","",$C$82) | I70: =IF($G70="","",IF($G70>=$H70+1,"A SALVO",IF($G70>=$H70,"ATENCIÓN","PELIGRO")))
... D78: =IF($B78="","",COUNTIFS($C$5:$C$54,$B78,$D$5:$D$54,"X")) | E78: =IF($B78="","",COUNTIFS($C$5:$C$54,$B78,$E$5:$E$54,"X")) | F78: =IF($B78="","",COUNTIFS($C$5:$C$54,$B78,$F$5:$F$54,"X")) | G78: =IF(OR($C78="",$C78<=0),"",ROUND(MAX(0,$C78-$D78-$F78*$C$83)/$C78*100,1)) | H78: =IF($C78="","",$C$82) | I78: =IF($G78="","",IF($G78>=$H78+1,"A SALVO",IF($G78>=$H78,"ATENCIÓN","PELIGRO")))
B79: TOTAL CURSO | C79: =SUM(C59:C78) | D79: =SUM(D59:D78) | E79: =SUM(E59:E78) | F79: =SUM(F59:F78) | G79: =IF(OR($C$79="",$C$79<=0),"",ROUND(MAX(0,$C$79-$D$79-$F$79*$C$83)/$C$79*100,1))
B81: CONFIGURACIÓN GLOBAL
B82: MÍNIMO DE ASISTENCIA PERMITIDO (%) | C82: 80
B83: CADA RETRASO EQUIVALE A (en faltas) | C83: 0.5
B84: Cada retraso equivale a X faltas (por defecto 0,5 = media falta). Modifica este valor según el criterio de tu centro: 0 = no cuenta, 0,5 = media falta, 1 = falta completa.
B85: Introduce el porcentaje mínimo de asistencia que exija tu centro. Esta plantilla es orientativa y no sustituye la normativa oficial ni la información de tu profesor o secretaría.
B87: CalculaFácil · calculafacil.app · plantilla para estudiantes

Sheet NOTAS
B1: CONTROL DE NOTAS 2026/2027
B2: Hasta 5 notas por asignatura · pesos en % (suman 100) · la NOTA FINAL se calcula sola
B4: ASIGNATURA (elige) | C4: NOTA 1 | D4: NOTA 2 | E4: NOTA 3 | F4: NOTA 4 | G4: NOTA 5 | H4: MEDIA | I4: PESO (%)
H5: =IF(OR($B5="",ISNA(MATCH($B5,ASISTENCIA!$B$59:$B$78,0))),"",ROUND(AVERAGE(C5:G5),2))
H6: =IF(OR($B6="",ISNA(MATCH($B6,ASISTENCIA!$B$59:$B$78,0))),"",ROUND(AVERAGE(C6:G6),2))
H7: =IF(OR($B7="",ISNA(MATCH($B7,ASISTENCIA!$B$59:$B$78,0))),"",ROUND(AVERAGE(C7:G7),2))
H8: =IF(OR($B8="",ISNA(MATCH($B8,ASISTENCIA!$B$59:$B$78,0))),"",ROUND(AVERAGE(C8:G8),2))
H9: =IF(OR($B9="",ISNA(MATCH($B9,ASISTENCIA!$B$59:$B$78,0))),"",ROUND(AVERAGE(C9:G9),2))
H10: =IF(OR($B10="",ISNA(MATCH($B10,ASISTENCIA!$B$59:$B$78,0))),"",ROUND(AVERAGE(C10:G10),2))
H11: =IF(OR($B11="",ISNA(MATCH($B11,ASISTENCIA!$B$59:$B$78,0))),"",ROUND(AVERAGE(C11:G11),2))
H12: =IF(OR($B12="",ISNA(MATCH($B12,ASISTENCIA!$B$59:$B$78,0))),"",ROUND(AVERAGE(C12:G12),2))
H13: =IF(OR($B13="",ISNA(MATCH($B13,ASISTENCIA!$B$59:$B$78,0))),"",ROUND(AVERAGE(C13:G13),2))
H14: =IF(OR($B14="",ISNA(MATCH($B14,ASISTENCIA!$B$59:$B$78,0))),"",ROUND(AVERAGE(C14:G14),2))
H15: =IF(OR($B15="",ISNA(MATCH($B15,ASISTENCIA!$B$59:$B$78,0))),"",ROUND(AVERAGE(C15:G15),2))
H16: =IF(OR($B16="",ISNA(MATCH($B16,ASISTENCIA!$B$59:$B$78,0))),"",ROUND(AVERAGE(C16:G16),2))
... H24: =IF(OR($B24="",ISNA(MATCH($B24,ASISTENCIA!$B$59:$B$78,0))),"",ROUND(AVERAGE(C24:G24),2))
B26: RESUMEN DE NOTAS
B27: TOTAL PESO (%) | C27: =SUM(I5:I24)
B28: NOTA FINAL PONDERADA | C28: =IF(C27=0,"",ROUND(SUMPRODUCT(N(H5:H24),I5:I24)/C27,2))
B30: NOTA FINAL PONDERADA = tus notas con sus pesos. La MEDIA SIMPLE DEL CURSO cuenta todas las asignaturas por igual; la ponderada utiliza los pesos que has introducido. Son dos medias distintas. Solo cuentan las asignaturas con nota.
B32: MINI-CALCULADORA: NOTA QUE NECESITAS EN EL EXAMEN
B34: Nota que quieres conseguir
B35: Tu nota actual (media)
B36: Peso del examen (%)
B37: Nota que te hace falta en el examen | C37: =IF(OR($C$34="",$C$36="",$C$36=0),"",IFERROR(ROUND(($C$34-($C$35*(1-$C$36/100)))/($C$36/100),2),""))
B39: Mini-calculadora orientativa: si quieres sacar 7, llevando 6,5 de media y el examen vale el 30 %, necesitas sacar un 8,17 en el examen. Ajusta los valores a tu caso.
B41: CalculaFácil · calculafacil.app · plantilla para estudiantes

Sheet MI CURSO
B1: MI CURSO 2026/27
B2: Tu cuadro de mandos · Todo se actualiza solo desde ASISTENCIA y NOTAS
B4: MEDIA SIMPLE DEL CURSO | D4: ASISTENCIA GLOBAL | F4: TOTAL FALTAS | H4: MÍNIMO PERMITIDO
B5: =IFERROR(ROUND(AVERAGE(NOTAS!$H$5:$H$24),2),"") | D5: =ASISTENCIA!G79 | F5: =ASISTENCIA!D79 | H5: =ASISTENCIA!C82
B7: TU OBJETIVO DE NOTA
B8: Nota que quieres: | F8: Se compara con tu MEDIA SIMPLE DEL CURSO (casilla de arriba).
B9: =IF(OR($D$8="",$B$5=""),"Fija tu nota objetivo arriba (casilla ámbar). Se compara con tu MEDIA SIMPLE DEL CURSO y te dice cuánto te falta.",IF($B$5>=$D$8,"OBJETIVO CONSEGUIDO · tu media ("&TEXT($B$5,"0.00")&") ya llega a "&TEXT($D$8,"0.00")&".","Tu media simple es "&TEXT($B$5,"0.00")&". Te faltan "&TEXT(ROUND($D$8-$B$5,2),"0.00")&" puntos para llegar a "&TEXT($D$8,"0.00")&". Avanza tu media con mejores notas en NOTAS."))
B10: TU ASISTENCIA vs EL MÍNIMO PERMITIDO
B11: Tu asistencia: | D11: =IF(ASISTENCIA!$G$79="","",ASISTENCIA!$G$79) | F11: Mínimo permitido: | H11: =IF(ASISTENCIA!$C$82="","",ASISTENCIA!$C$82)
B12: =IF(OR($D$11="",$H$11=""),"",IF($D$11>=$H$11+1,"A SALVO · tu asistencia va "&TEXT(ROUND($D$11-$H$11,1),"0.0")&" p. por encima del mínimo permitido",IF($D$11>=$H$11,"ATENCIÓN · vas justo en el mínimo permitido","PELIGRO · te faltan "&TEXT(ROUND($H$11-$D$11,1),"0.0")&" p. para llegar al mínimo permitido")))
B14: ASIGNATURA | C14: CLASES (TOTAL) | D14: FALTAS | E14: MEDIA | F14: % ASIST. | G14: ESTADO
B15: =IF(ASISTENCIA!$B$59="","",ASISTENCIA!$B$59) | C15: =IF($B15="","",IFERROR(INDEX(ASISTENCIA!$C$59:$C$78,MATCH($B15,ASISTENCIA!$B$59:$B$78,0)),"")) | D15: =IF($B15="","",IFERROR(INDEX(ASISTENCIA!$D$59:$D$78,MATCH($B15,ASISTENCIA!$B$59:$B$78,0)),"")) | E15: =IF($B15="","",IFERROR(INDEX(NOTAS!$H$5:$H$24,MATCH($B15,NOTAS!$B$5:$B$24,0)),"")) | F15: =IF($B15="","",IFERROR(INDEX(ASISTENCIA!$G$59:$G$78,MATCH($B15,ASISTENCIA!$B$59:$B$78,0)),"")) | G15: =IF($B15="","",IFERROR(INDEX(ASISTENCIA!$I$59:$I$78,MATCH($B15,ASISTENCIA!$B$59:$B$78,0)),""))
B16: =IF(ASISTENCIA!$B$60="","",ASISTENCIA!$B$60) | C16: =IF($B16="","",IFERROR(INDEX(ASISTENCIA!$C$59:$C$78,MATCH($B16,ASISTENCIA!$B$59:$B$78,0)),"")) | D16: =IF($B16="","",IFERROR(INDEX(ASISTENCIA!$D$59:$D$78,MATCH($B16,ASISTENCIA!$B$59:$B$78,0)),"")) | E16: =IF($B16="","",IFERROR(INDEX(NOTAS!$H$5:$H$24,MATCH($B16,NOTAS!$B$5:$B$24,0)),"")) | F16: =IF($B16="","",IFERROR(INDEX(ASISTENCIA!$G$59:$G$78,MATCH($B16,ASISTENCIA!$B$59:$B$78,0)),"")) | G16: =IF($B16="","",IFERROR(INDEX(ASISTENCIA!$I$59:$I$78,MATCH($B16,ASISTENCIA!$B$59:$B$78,0)),""))
B17: =IF(ASISTENCIA!$B$61="","",ASISTENCIA!$B$61) | C17: =IF($B17="","",IFERROR(INDEX(ASISTENCIA!$C$59:$C$78,MATCH($B17,ASISTENCIA!$B$59:$B$78,0)),"")) | D17: =IF($B17="","",IFERROR(INDEX(ASISTENCIA!$D$59:$D$78,MATCH($B17,ASISTENCIA!$B$59:$B$78,0)),"")) | E17: =IF($B17="","",IFERROR(INDEX(NOTAS!$H$5:$H$24,MATCH($B17,NOTAS!$B$5:$B$24,0)),"")) | F17: =IF($B17="","",IFERROR(INDEX(ASISTENCIA!$G$59:$G$78,MATCH($B17,ASISTENCIA!$B$59:$B$78,0)),"")) | G17: =IF($B17="","",IFERROR(INDEX(ASISTENCIA!$I$59:$I$78,MATCH($B17,ASISTENCIA!$B$59:$B$78,0)),""))
B18: =IF(ASISTENCIA!$B$62="","",ASISTENCIA!$B$62) | C18: =IF($B18="","",IFERROR(INDEX(ASISTENCIA!$C$59:$C$78,MATCH($B18,ASISTENCIA!$B$59:$B$78,0)),"")) | D18: =IF($B18="","",IFERROR(INDEX(ASISTENCIA!$D$59:$D$78,MATCH($B18,ASISTENCIA!$B$59:$B$78,0)),"")) | E18: =IF($B18="","",IFERROR(INDEX(NOTAS!$H$5:$H$24,MATCH($B18,NOTAS!$B$5:$B$24,0)),"")) | F18: =IF($B18="","",IFERROR(INDEX(ASISTENCIA!$G$59:$G$78,MATCH($B18,ASISTENCIA!$B$59:$B$78,0)),"")) | G18: =IF($B18="","",IFERROR(INDEX(ASISTENCIA!$I$59:$I$78,MATCH($B18,ASISTENCIA!$B$59:$B$78,0)),""))
B19: =IF(ASISTENCIA!$B$63="","",ASISTENCIA!$B$63) | C19: =IF($B19="","",IFERROR(INDEX(ASISTENCIA!$C$59:$C$78,MATCH($B19,ASISTENCIA!$B$59:$B$78,0)),"")) | D19: =IF($B19="","",IFERROR(INDEX(ASISTENCIA!$D$59:$D$78,MATCH($B19,ASISTENCIA!$B$59:$B$78,0)),"")) | E19: =IF($B19="","",IFERROR(INDEX(NOTAS!$H$5:$H$24,MATCH($B19,NOTAS!$B$5:$B$24,0)),"")) | F19: =IF($B19="","",IFERROR(INDEX(ASISTENCIA!$G$59:$G$78,MATCH($B19,ASISTENCIA!$B$59:$B$78,0)),"")) | G19: =IF($B19="","",IFERROR(INDEX(ASISTENCIA!$I$59:$I$78,MATCH($B19,ASISTENCIA!$B$59:$B$78,0)),""))
B20: =IF(ASISTENCIA!$B$64="","",ASISTENCIA!$B$64) | C20: =IF($B20="","",IFERROR(INDEX(ASISTENCIA!$C$59:$C$78,MATCH($B20,ASISTENCIA!$B$59:$B$78,0)),"")) | D20: =IF($B20="","",IFERROR(INDEX(ASISTENCIA!$D$59:$D$78,MATCH($B20,ASISTENCIA!$B$59:$B$78,0)),"")) | E20: =IF($B20="","",IFERROR(INDEX(NOTAS!$H$5:$H$24,MATCH($B20,NOTAS!$B$5:$B$24,0)),"")) | F20: =IF($B20="","",IFERROR(INDEX(ASISTENCIA!$G$59:$G$78,MATCH($B20,ASISTENCIA!$B$59:$B$78,0)),"")) | G20: =IF($B20="","",IFERROR(INDEX(ASISTENCIA!$I$59:$I$78,MATCH($B20,ASISTENCIA!$B$59:$B$78,0)),""))
B21: =IF(ASISTENCIA!$B$65="","",ASISTENCIA!$B$65) | C21: =IF($B21="","",IFERROR(INDEX(ASISTENCIA!$C$59:$C$78,MATCH($B21,ASISTENCIA!$B$59:$B$78,0)),"")) | D21: =IF($B21="","",IFERROR(INDEX(ASISTENCIA!$D$59:$D$78,MATCH($B21,ASISTENCIA!$B$59:$B$78,0)),"")) | E21: =IF($B21="","",IFERROR(INDEX(NOTAS!$H$5:$H$24,MATCH($B21,NOTAS!$B$5:$B$24,0)),"")) | F21: =IF($B21="","",IFERROR(INDEX(ASISTENCIA!$G$59:$G$78,MATCH($B21,ASISTENCIA!$B$59:$B$78,0)),"")) | G21: =IF($B21="","",IFERROR(INDEX(ASISTENCIA!$I$59:$I$78,MATCH($B21,ASISTENCIA!$B$59:$B$78,0)),""))
B22: =IF(ASISTENCIA!$B$66="","",ASISTENCIA!$B$66) | C22: =IF($B22="","",IFERROR(INDEX(ASISTENCIA!$C$59:$C$78,MATCH($B22,ASISTENCIA!$B$59:$B$78,0)),"")) | D22: =IF($B22="","",IFERROR(INDEX(ASISTENCIA!$D$59:$D$78,MATCH($B22,ASISTENCIA!$B$59:$B$78,0)),"")) | E22: =IF($B22="","",IFERROR(INDEX(NOTAS!$H$5:$H$24,MATCH($B22,NOTAS!$B$5:$B$24,0)),"")) | F22: =IF($B22="","",IFERROR(INDEX(ASISTENCIA!$G$59:$G$78,MATCH($B22,ASISTENCIA!$B$59:$B$78,0)),"")) | G22: =IF($B22="","",IFERROR(INDEX(ASISTENCIA!$I$59:$I$78,MATCH($B22,ASISTENCIA!$B$59:$B$78,0)),""))
B23: =IF(ASISTENCIA!$B$67="","",ASISTENCIA!$B$67) | C23: =IF($B23="","",IFERROR(INDEX(ASISTENCIA!$C$59:$C$78,MATCH($B23,ASISTENCIA!$B$59:$B$78,0)),"")) | D23: =IF($B23="","",IFERROR(INDEX(ASISTENCIA!$D$59:$D$78,MATCH($B23,ASISTENCIA!$B$59:$B$78,0)),"")) | E23: =IF($B23="","",IFERROR(INDEX(NOTAS!$H$5:$H$24,MATCH($B23,NOTAS!$B$5:$B$24,0)),"")) | F23: =IF($B23="","",IFERROR(INDEX(ASISTENCIA!$G$59:$G$78,MATCH($B23,ASISTENCIA!$B$59:$B$78,0)),"")) | G23: =IF($B23="","",IFERROR(INDEX(ASISTENCIA!$I$59:$I$78,MATCH($B23,ASISTENCIA!$B$59:$B$78,0)),""))
B24: =IF(ASISTENCIA!$B$68="","",ASISTENCIA!$B$68) | C24: =IF($B24="","",IFERROR(INDEX(ASISTENCIA!$C$59:$C$78,MATCH($B24,ASISTENCIA!$B$59:$B$78,0)),"")) | D24: =IF($B24="","",IFERROR(INDEX(ASISTENCIA!$D$59:$D$78,MATCH($B24,ASISTENCIA!$B$59:$B$78,0)),"")) | E24: =IF($B24="","",IFERROR(INDEX(NOTAS!$H$5:$H$24,MATCH($B24,NOTAS!$B$5:$B$24,0)),"")) | F24: =IF($B24="","",IFERROR(INDEX(ASISTENCIA!$G$59:$G$78,MATCH($B24,ASISTENCIA!$B$59:$B$78,0)),"")) | G24: =IF($B24="","",IFERROR(INDEX(ASISTENCIA!$I$59:$I$78,MATCH($B24,ASISTENCIA!$B$59:$B$78,0)),""))
B25: =IF(ASISTENCIA!$B$69="","",ASISTENCIA!$B$69) | C25: =IF($B25="","",IFERROR(INDEX(ASISTENCIA!$C$59:$C$78,MATCH($B25,ASISTENCIA!$B$59:$B$78,0)),"")) | D25: =IF($B25="","",IFERROR(INDEX(ASISTENCIA!$D$59:$D$78,MATCH($B25,ASISTENCIA!$B$59:$B$78,0)),"")) | E25: =IF($B25="","",IFERROR(INDEX(NOTAS!$H$5:$H$24,MATCH($B25,NOTAS!$B$5:$B$24,0)),"")) | F25: =IF($B25="","",IFERROR(INDEX(ASISTENCIA!$G$59:$G$78,MATCH($B25,ASISTENCIA!$B$59:$B$78,0)),"")) | G25: =IF($B25="","",IFERROR(INDEX(ASISTENCIA!$I$59:$I$78,MATCH($B25,ASISTENCIA!$B$59:$B$78,0)),""))
B26: =IF(ASISTENCIA!$B$70="","",ASISTENCIA!$B$70) | C26: =IF($B26="","",IFERROR(INDEX(ASISTENCIA!$C$59:$C$78,MATCH($B26,ASISTENCIA!$B$59:$B$78,0)),"")) | D26: =IF($B26="","",IFERROR(INDEX(ASISTENCIA!$D$59:$D$78,MATCH($B26,ASISTENCIA!$B$59:$B$78,0)),"")) | E26: =IF($B26="","",IFERROR(INDEX(NOTAS!$H$5:$H$24,MATCH($B26,NOTAS!$B$5:$B$24,0)),"")) | F26: =IF($B26="","",IFERROR(INDEX(ASISTENCIA!$G$59:$G$78,MATCH($B26,ASISTENCIA!$B$59:$B$78,0)),"")) | G26: =IF($B26="","",IFERROR(INDEX(ASISTENCIA!$I$59:$I$78,MATCH($B26,ASISTENCIA!$B$59:$B$78,0)),""))
B27: =IF(ASISTENCIA!$B$71="","",ASISTENCIA!$B$71) | C27: =IF($B27="","",IFERROR(INDEX(ASISTENCIA!$C$59:$C$78,MATCH($B27,ASISTENCIA!$B$59:$B$78,0)),"")) | D27: =IF($B27="","",IFERROR(INDEX(ASISTENCIA!$D$59:$D$78,MATCH($B27,ASISTENCIA!$B$59:$B$78,0)),"")) | E27: =IF($B27="","",IFERROR(INDEX(NOTAS!$H$5:$H$24,MATCH($B27,NOTAS!$B$5:$B$24,0)),"")) | F27: =IF($B27="","",IFERROR(INDEX(ASISTENCIA!$G$59:$G$78,MATCH($B27,ASISTENCIA!$B$59:$B$78,0)),"")) | G27: =IF($B27="","",IFERROR(INDEX(ASISTENCIA!$I$59:$I$78,MATCH($B27,ASISTENCIA!$B$59:$B$78,0)),""))
B28: =IF(ASISTENCIA!$B$72="","",ASISTENCIA!$B$72) | C28: =IF($B28="","",IFERROR(INDEX(ASISTENCIA!$C$59:$C$78,MATCH($B28,ASISTENCIA!$B$59:$B$78,0)),"")) | D28: =IF($B28="","",IFERROR(INDEX(ASISTENCIA!$D$59:$D$78,MATCH($B28,ASISTENCIA!$B$59:$B$78,0)),"")) | E28: =IF($B28="","",IFERROR(INDEX(NOTAS!$H$5:$H$24,MATCH($B28,NOTAS!$B$5:$B$24,0)),"")) | F28: =IF($B28="","",IFERROR(INDEX(ASISTENCIA!$G$59:$G$78,MATCH($B28,ASISTENCIA!$B$59:$B$78,0)),"")) | G28: =IF($B28="","",IFERROR(INDEX(ASISTENCIA!$I$59:$I$78,MATCH($B28,ASISTENCIA!$B$59:$B$78,0)),""))
B29: =IF(ASISTENCIA!$B$73="","",ASISTENCIA!$B$73) | C29: =IF($B29="","",IFERROR(INDEX(ASISTENCIA!$C$59:$C$78,MATCH($B29,ASISTENCIA!$B$59:$B$78,0)),"")) | D29: =IF($B29="","",IFERROR(INDEX(ASISTENCIA!$D$59:$D$78,MATCH($B29,ASISTENCIA!$B$59:$B$78,0)),"")) | E29: =IF($B29="","",IFERROR(INDEX(NOTAS!$H$5:$H$24,MATCH($B29,NOTAS!$B$5:$B$24,0)),"")) | F29: =IF($B29="","",IFERROR(INDEX(ASISTENCIA!$G$59:$G$78,MATCH($B29,ASISTENCIA!$B$59:$B$78,0)),"")) | G29: =IF($B29="","",IFERROR(INDEX(ASISTENCIA!$I$59:$I$78,MATCH($B29,ASISTENCIA!$B$59:$B$78,0)),""))
B30: =IF(ASISTENCIA!$B$74="","",ASISTENCIA!$B$74) | C30: =IF($B30="","",IFERROR(INDEX(ASISTENCIA!$C$59:$C$78,MATCH($B30,ASISTENCIA!$B$59:$B$78,0)),"")) | D30: =IF($B30="","",IFERROR(INDEX(ASISTENCIA!$D$59:$D$78,MATCH($B30,ASISTENCIA!$B$59:$B$78,0)),"")) | E30: =IF($B30="","",IFERROR(INDEX(NOTAS!$H$5:$H$24,MATCH($B30,NOTAS!$B$5:$B$24,0)),"")) | F30: =IF($B30="","",IFERROR(INDEX(ASISTENCIA!$G$59:$G$78,MATCH($B30,ASISTENCIA!$B$59:$B$78,0)),"")) | G30: =IF($B30="","",IFERROR(INDEX(ASISTENCIA!$I$59:$I$78,MATCH($B30,ASISTENCIA!$B$59:$B$78,0)),""))
B31: =IF(ASISTENCIA!$B$75="","",ASISTENCIA!$B$75) | C31: =IF($B31="","",IFERROR(INDEX(ASISTENCIA!$C$59:$C$78,MATCH($B31,ASISTENCIA!$B$59:$B$78,0)),"")) | D31: =IF($B31="","",IFERROR(INDEX(ASISTENCIA!$D$59:$D$78,MATCH($B31,ASISTENCIA!$B$59:$B$78,0)),"")) | E31: =IF($B31="","",IFERROR(INDEX(NOTAS!$H$5:$H$24,MATCH($B31,NOTAS!$B$5:$B$24,0)),"")) | F31: =IF($B31="","",IFERROR(INDEX(ASISTENCIA!$G$59:$G$78,MATCH($B31,ASISTENCIA!$B$59:$B$78,0)),"")) | G31: =IF($B31="","",IFERROR(INDEX(ASISTENCIA!$I$59:$I$78,MATCH($B31,ASISTENCIA!$B$59:$B$78,0)),""))
B32: =IF(ASISTENCIA!$B$76="","",ASISTENCIA!$B$76) | C32: =IF($B32="","",IFERROR(INDEX(ASISTENCIA!$C$59:$C$78,MATCH($B32,ASISTENCIA!$B$59:$B$78,0)),"")) | D32: =IF($B32="","",IFERROR(INDEX(ASISTENCIA!$D$59:$D$78,MATCH($B32,ASISTENCIA!$B$59:$B$78,0)),"")) | E32: =IF($B32="","",IFERROR(INDEX(NOTAS!$H$5:$H$24,MATCH($B32,NOTAS!$B$5:$B$24,0)),"")) | F32: =IF($B32="","",IFERROR(INDEX(ASISTENCIA!$G$59:$G$78,MATCH($B32,ASISTENCIA!$B$59:$B$78,0)),"")) | G32: =IF($B32="","",IFERROR(INDEX(ASISTENCIA!$I$59:$I$78,MATCH($B32,ASISTENCIA!$B$59:$B$78,0)),""))
B33: =IF(ASISTENCIA!$B$77="","",ASISTENCIA!$B$77) | C33: =IF($B33="","",IFERROR(INDEX(ASISTENCIA!$C$59:$C$78,MATCH($B33,ASISTENCIA!$B$59:$B$78,0)),"")) | D33: =IF($B33="","",IFERROR(INDEX(ASISTENCIA!$D$59:$D$78,MATCH($B33,ASISTENCIA!$B$59:$B$78,0)),"")) | E33: =IF($B33="","",IFERROR(INDEX(NOTAS!$H$5:$H$24,MATCH($B33,NOTAS!$B$5:$B$24,0)),"")) | F33: =IF($B33="","",IFERROR(INDEX(ASISTENCIA!$G$59:$G$78,MATCH($B33,ASISTENCIA!$B$59:$B$78,0)),"")) | G33: =IF($B33="","",IFERROR(INDEX(ASISTENCIA!$I$59:$I$78,MATCH($B33,ASISTENCIA!$B$59:$B$78,0)),""))
B34: =IF(ASISTENCIA!$B$78="","",ASISTENCIA!$B$78) | C34: =IF($B34="","",IFERROR(INDEX(ASISTENCIA!$C$59:$C$78,MATCH($B34,ASISTENCIA!$B$59:$B$78,0)),"")) | D34: =IF($B34="","",IFERROR(INDEX(ASISTENCIA!$D$59:$D$78,MATCH($B34,ASISTENCIA!$B$59:$B$78,0)),"")) | E34: =IF($B34="","",IFERROR(INDEX(NOTAS!$H$5:$H$24,MATCH($B34,NOTAS!$B$5:$B$24,0)),"")) | F34: =IF($B34="","",IFERROR(INDEX(ASISTENCIA!$G$59:$G$78,MATCH($B34,ASISTENCIA!$B$59:$B$78,0)),"")) | G34: =IF($B34="","",IFERROR(INDEX(ASISTENCIA!$I$59:$I$78,MATCH($B34,ASISTENCIA!$B$59:$B$78,0)),""))
B36: Las asignaturas de esta tabla salen SOLAS de tu lista de ASISTENCIA (no se escribe nada aquí; para quitar una, bórrala de la lista). CLASES, FALTAS, % ASIST. y ESTADO se leen de ASISTENCIA; la MEDIA se lee de NOTAS. El MÍNIMO DE ASISTENCIA PERMITIDO se cambia en ASISTENCIA (CONFIGURACIÓN GLOBAL) y cada retraso equivale a lo que tú configures (por defecto 0,5). La barra de FALTAS es SOLO ORIENTATIVA: el ESTADO se calcula según tus clases previstas y el mínimo configurado. Tu objetivo de nota se cambia en la casilla ámbar (D8).
B38: CalculaFácil · calculafacil.app · plantilla para estudiantes
